{
  "year": "2024",
  "questions": {
    "q16": {
      "online_1.py": {
        "loc": 51,
        "moses_score": 92.75,
        "grade": "A",
        "commandments": {
          "1": 85.0,
          "3": 100.0,
          "5": 100.0,
          "6": 83.33333333333334,
          "11": 100.0,
          "12": 100.0,
          "13": 100.0,
          "14": 100.0,
          "15": 100.0,
          "16": 100.0,
          "17": 100.0,
          "18": 100.0,
          "22": 100.0,
          "23": 100.0,
          "24": 100.0,
          "25": 0.0
        },
        "judge_pct": 28,
        "judge_justification": "Wholesale copies the heapq-docs lazy-deletion PQ recipe it never needs, uses single-letter state, deeply nested inline conditionals with repeated index arithmetic and magic 1000000, and only solves Part 1."
      },
      "online_2.py": {
        "loc": 118,
        "moses_score": 75.93,
        "grade": "B",
        "commandments": {
          "1": 100.0,
          "3": 100.0,
          "5": 86.66666666666666,
          "6": 100.0,
          "11": 100.0,
          "12": 21.0,
          "13": 100.0,
          "14": 50.0,
          "15": 0.0,
          "16": 100.0,
          "17": 0.0,
          "18": 100.0,
          "22": 100.0,
          "23": 81.01731601731602,
          "24": 64.70588235294117,
          "25": 15.254237288135585
        },
        "judge_pct": 58,
        "judge_justification": "Readable with named constants and a direction model, but duplicates two near-identical Dijkstras and pushes whole path-sets through the heap for Part 2, plus a hardcoded Windows input path."
      },
      "synth_clean.py": {
        "loc": 115,
        "moses_score": 87.1,
        "grade": "A",
        "commandments": {
          "1": 52.27272727272727,
          "2": 100.0,
          "3": 100.0,
          "5": 84.0,
          "6": 100.0,
          "11": 100.0,
          "12": 100.0,
          "13": 100.0,
          "14": 36.25000000000003,
          "15": 50.0,
          "16": 100.0,
          "17": 100.0,
          "18": 100.0,
          "21": 75.0,
          "22": 100.0,
          "23": 83.7641723356009,
          "24": 70.0,
          "25": 82.6086956521739,
          "27": 100.0,
          "29": 100.0,
          "31": 100.0
        },
        "judge_pct": 82,
        "judge_justification": "Strong domain modelling (Vec/State/Maze), type hints, docstrings, and a correct predecessor-DAG backtrack, marred only by a dead/confused best_cost_to_end helper and an awkward end-state reconstruction."
      },
      "synth_primitive.py": {
        "loc": 73,
        "moses_score": 67.41,
        "grade": "B",
        "commandments": {
          "1": 100.0,
          "3": 100.0,
          "5": 100.0,
          "6": 100.0,
          "11": 58.0,
          "12": 0.0,
          "13": 100.0,
          "14": 50.0,
          "15": 100.0,
          "16": 0.0,
          "17": 100.0,
          "18": 100.0,
          "22": 100.0,
          "23": 100.0,
          "24": 73.91304347826087,
          "25": 0.0
        },
        "judge_pct": 48,
        "judge_justification": "A correct, compact Dijkstra-plus-backtrack for both parts but with no structure, pervasive single-letter names, magic numbers, and redundant setdefault calls that hurt readability."
      },
      "tomek.py": {
        "loc": 127,
        "moses_score": 86.03,
        "grade": "A",
        "commandments": {
          "1": 32.56410256410256,
          "2": 100.0,
          "3": 100.0,
          "5": 95.0,
          "6": 94.73684210526316,
          "11": 100.0,
          "12": 100.0,
          "13": 100.0,
          "14": 50.0,
          "15": 73.6842105263158,
          "16": 100.0,
          "17": 100.0,
          "18": 100.0,
          "21": 100.0,
          "22": 100.0,
          "23": 87.59774504455355,
          "24": 89.74358974358975,
          "25": 21.259842519685037,
          "27": 100.0,
          "29": 100.0,
          "31": 100.0
        },
        "judge_pct": 62,
        "judge_justification": "Clear OO modelling and naming with good decomposition, but uses a FIFO list (pop(0)) rather than a priority queue and a hacky (start+end)%2 rotation-cost formula, making correctness fragile and over-modelled via the Step class."
      }
    },
    "q4": {
      "online_1.py": {
        "loc": 39,
        "moses_score": 89.13,
        "grade": "A",
        "commandments": {
          "1": 55.71428571428571,
          "3": 100.0,
          "5": 100.0,
          "6": 100.0,
          "11": 100.0,
          "12": 100.0,
          "13": 100.0,
          "14": 100.0,
          "15": 100.0,
          "16": 100.0,
          "17": 100.0,
          "18": 100.0,
          "22": 100.0,
          "23": 100.0,
          "24": 100.0,
          "25": 0.0
        },
        "judge_pct": 64,
        "judge_justification": "Compact and clever numpy/regex solution with rare file-error handling, but inconsistent 1/2-space indentation, terse lambdas and isSM naming make it cryptic to read."
      },
      "online_2.py": {
        "loc": 37,
        "moses_score": 81.85,
        "grade": "A",
        "commandments": {
          "1": 61.66666666666667,
          "2": 100.0,
          "3": 100.0,
          "6": 100.0,
          "11": 100.0,
          "12": 58.0,
          "13": 100.0,
          "14": 52.5,
          "15": 0.0,
          "16": 100.0,
          "17": 100.0,
          "18": 100.0,
          "21": 50.0,
          "22": 100.0,
          "23": 58.58254490607432,
          "24": 76.47058823529412,
          "25": 100.0,
          "29": 100.0,
          "31": 100.0
        },
        "judge_pct": 70,
        "judge_justification": "Sound diagonal-bucketing approach with helpful comments and a fine part2, but the verbose diagonal dict-building and the opaque _set name hold it back."
      },
      "synth_clean.py": {
        "loc": 65,
        "moses_score": 88.84,
        "grade": "A",
        "commandments": {
          "1": 25.0,
          "2": 100.0,
          "3": 100.0,
          "5": 84.0,
          "6": 100.0,
          "11": 100.0,
          "12": 100.0,
          "13": 100.0,
          "14": 100.0,
          "15": 100.0,
          "16": 100.0,
          "17": 100.0,
          "18": 100.0,
          "21": 50.0,
          "22": 100.0,
          "23": 100.0,
          "24": 100.0,
          "25": 100.0,
          "27": 100.0,
          "29": 100.0,
          "31": 100.0
        },
        "judge_pct": 88,
        "judge_justification": "Clean domain modelling with Point/Grid abstractions, a generic spells_word helper, type hints and tidy part decomposition; only mildly over-engineered for the problem size."
      },
      "synth_mid.py": {
        "loc": 40,
        "moses_score": 84.74,
        "grade": "A",
        "commandments": {
          "1": 36.36363636363636,
          "3": 100.0,
          "5": 96.0,
          "6": 100.0,
          "11": 100.0,
          "12": 88.8,
          "13": 100.0,
          "14": 35.000000000000014,
          "15": 100.0,
          "16": 100.0,
          "17": 100.0,
          "18": 100.0,
          "22": 100.0,
          "23": 100.0,
          "24": 80.0,
          "25": 100.0
        },
        "judge_pct": 82,
        "judge_justification": "Idiomatic, simple and readable with well-named helpers (in_bounds, count_xmas/count_x_mas) and clear direction handling, hitting the sweet spot of clarity without ceremony."
      },
      "synth_primitive.py": {
        "loc": 37,
        "moses_score": 78.14,
        "grade": "B",
        "commandments": {
          "1": 100.0,
          "3": 100.0,
          "5": 100.0,
          "6": 100.0,
          "11": 100.0,
          "12": 0.0,
          "13": 100.0,
          "14": 0.0,
          "15": 100.0,
          "16": 100.0,
          "17": 100.0,
          "18": 100.0,
          "22": 100.0,
          "23": 96.60714285714286,
          "24": 33.33333333333334,
          "25": 45.945945945945944
        },
        "judge_pct": 38,