{
  "year": "2024",
  "questions": {
    "q16": {
      "online_1.py": {
        "loc": 51,
        "moses_score": 92.75,
        "grade": "A",
        "commandments": {
          "1": 85.0,
          "3": 100.0,
          "5": 100.0,
          "6": 83.33333333333334,
          "11": 100.0,
          "12": 100.0,
          "13": 100.0,
          "14": 100.0,
          "15": 100.0,
          "16": 100.0,
          "17": 100.0,
          "18": 100.0,
          "22": 100.0,
          "23": 100.0,
          "24": 100.0,
          "25": 0.0
        }
      },
      "online_2.py": {
        "loc": 118,
        "moses_score": 75.93,
        "grade": "B",
        "commandments": {
          "1": 100.0,
          "3": 100.0,
          "5": 86.66666666666666,
          "6": 100.0,
          "11": 100.0,
          "12": 21.0,
          "13": 100.0,
          "14": 50.0,
          "15": 0.0,
          "16": 100.0,
          "17": 0.0,
          "18": 100.0,
          "22": 100.0,
          "23": 81.01731601731602,
          "24": 64.70588235294117,
          "25": 15.254237288135585
        }
      },
      "synth_clean.py": {
        "loc": 115,
        "moses_score": 87.1,
        "grade": "A",
        "commandments": {
          "1": 52.27272727272727,
          "2": 100.0,
          "3": 100.0,
          "5": 84.0,
          "6": 100.0,
          "11": 100.0,
          "12": 100.0,
          "13": 100.0,
          "14": 36.25000000000003,
          "15": 50.0,
          "16": 100.0,
          "17": 100.0,
          "18": 100.0,
          "21": 75.0,
          "22": 100.0,
          "23": 83.7641723356009,
          "24": 70.0,
          "25": 82.6086956521739,
          "27": 100.0,
          "29": 100.0,
          "31": 100.0
        }
      },
      "synth_primitive.py": {
        "loc": 73,
        "moses_score": 67.41,
        "grade": "B",
        "commandments": {
          "1": 100.0,
          "3": 100.0,
          "5": 100.0,
          "6": 100.0,
          "11": 58.0,
          "12": 0.0,
          "13": 100.0,
          "14": 50.0,
          "15": 100.0,
          "16": 0.0,
          "17": 100.0,
          "18": 100.0,
          "22": 100.0,
          "23": 100.0,
          "24": 73.91304347826087,
          "25": 0.0
        }
      },
      "tomek.py": {
        "loc": 127,
        "moses_score": 86.03,
        "grade": "A",
        "commandments": {
          "1": 32.56410256410256,
          "2": 100.0,
          "3": 100.0,
          "5": 95.0,
          "6": 94.73684210526316,
          "11": 100.0,
          "12": 100.0,
          "13": 100.0,
          "14": 50.0,
          "15": 73.6842105263158,
          "16": 100.0,
          "17": 100.0,
          "18": 100.0,
          "21": 100.0,
          "22": 100.0,
          "23": 87.59774504455355,
          "24": 89.74358974358975,
          "25": 21.259842519685037,
          "27": 100.0,
          "29": 100.0,
          "31": 100.0
        }
      }
    },
    "q4": {
      "online_1.py": {
        "loc": 39,
        "moses_score": 89.13,
        "grade": "A",
        "commandments": {
          "1": 55.71428571428571,
          "3": 100.0,
          "5": 100.0,
          "6": 100.0,
          "11": 100.0,
          "12": 100.0,
          "13": 100.0,
          "14": 100.0,
          "15": 100.0,
          "16": 100.0,
          "17": 100.0,
          "18": 100.0,
          "22": 100.0,
          "23": 100.0,
          "24": 100.0,
          "25": 0.0
        }
      },
      "online_2.py": {
        "loc": 37,
        "moses_score": 81.85,
        "grade": "A",
        "commandments": {
          "1": 61.66666666666667,
          "2": 100.0,
          "3": 100.0,
          "6": 100.0,
          "11": 100.0,
          "12": 58.0,
          "13": 100.0,
          "14": 52.5,
          "15": 0.0,
          "16": 100.0,
          "17": 100.0,
          "18": 100.0,
          "21": 50.0,
          "22": 100.0,
          "23": 58.58254490607432,
          "24": 76.47058823529412,
          "25": 100.0,
          "29": 100.0,
          "31": 100.0
        }
      },
      "synth_clean.py": {
        "loc": 65,
        "moses_score": 88.84,
        "grade": "A",
        "commandments": {
          "1": 25.0,
          "2": 100.0,
          "3": 100.0,
          "5": 84.0,
          "6": 100.0,
          "11": 100.0,
          "12": 100.0,
          "13": 100.0,
          "14": 100.0,
          "15": 100.0,
          "16": 100.0,
          "17": 100.0,
          "18": 100.0,
          "21": 50.0,
          "22": 100.0,
          "23": 100.0,
          "24": 100.0,
          "25": 100.0,
          "27": 100.0,
          "29": 100.0,
          "31": 100.0
        }
      },
      "synth_mid.py": {
        "loc": 40,
        "moses_score": 84.74,
        "grade": "A",
        "commandments": {
          "1": 36.36363636363636,
          "3": 100.0,
          "5": 96.0,
          "6": 100.0,
          "11": 100.0,
          "12": 88.8,
          "13": 100.0,
          "14": 35.000000000000014,
          "15": 100.0,
          "16": 100.0,
          "17": 100.0,
          "18": 100.0,
          "22": 100.0,
          "23": 100.0,
          "24": 80.0,
          "25": 100.0
        }
      },
      "synth_primitive.py": {
        "loc": 37,
        "moses_score": 78.14,
        "grade": "B",
        "commandments": {
          "1": 100.0,
          "3": 100.0,
          "5": 100.0,
          "6": 100.0,
          "11": 100.0,
          "12": 0.0,
          "13": 100.0,
          "14": 0.0,
          "15": 100.0,
          "16": 100.0,
          "17": 100.0,
          "18": 100.0,
          "22": 100.0,
          "23": 96.60714285714286,
          "24": 33.33333333333334,
          "25": 45.945945945945944
        }
      },
      "tomek.py": {
        "loc": 79,
        "moses_score": 63.94,
        "grade": "C",
        "commandments": {
          "1": 23.93939393939394,
          "2": 100.0,
          "3": 100.0,
          "5": 66.66666666666667,
          "6": 100.0,
          "11": 100.0,
          "12": 89.88888888888889,
          "13": 83.33333333333334,
          "14": 4.263256414560601e-14,
          "15": 44.44444444444445,
          "16": 0.0,
          "17": 100.0,
          "18": 100.0,
          "23": 89.82857142857144,
          "24": 100.0,
          "25": 0.0,
          "27": 46.66666666666667,
          "29": 100.0
        }
      }
    },
    "q9": {
      "online_1.py": {
        "loc": 108,
        "moses_score": 79.08,
        "grade": "B",
        "commandments": {
          "1": 100.0,
          "2": 100.0,
          "3": 100.0,
          "6": 100.0,
          "11": 100.0,
          "12": 19.000000000000004,
          "13": 100.0,
          "14": 52.5,
          "15": 0.0,
          "16": 100.0,
          "17": 100.0,
          "18": 100.0,
          "21": 100.0,
          "22": 100.0,
          "23": 66.65816326530611,
          "24": 63.63636363636363,
          "25": 81.48148148148148,
          "27": 0.0,
          "29": 100.0,
          "31": 85.0
        }
      },
      "online_2.py": {
        "loc": 68,
        "moses_score": 90.06,
        "grade": "A",
        "commandments": {
          "1": 100.0,
          "2": 100.0,
          "3": 100.0,
          "5": 100.0,
          "6": 100.0,
          "11": 100.0,
          "12": 91.75,
          "13": 100.0,
          "14": 100.0,
          "15": 0.0,
          "16": 100.0,
          "17": 100.0,
          "18": 100.0,
          "21": 100.0,
          "22": 100.0,
          "23": 100.0,
          "24": 100.0,
          "25": 0.0,
          "27": 27.777777777777775,
          "29": 100.0,
          "31": 100.0
        }
      },
      "synth_clean.py": {
        "loc": 88,
        "moses_score": 86.96,
        "grade": "A",
        "commandments": {
          "1": 67.6923076923077,
          "2": 100.0,
          "3": 100.0,
          "5": 100.0,
          "6": 100.0,
          "11": 100.0,
          "12": 100.0,